<?xml version="1.0" encoding="UTF-8"?>
<project-private xmlns="http://www.netbeans.org/ns/project-private/1">
    <editor-bookmarks xmlns="http://www.netbeans.org/ns/editor-bookmarks/2" lastBookmarkId="0"/>
    <open-files xmlns="http://www.netbeans.org/ns/projectui-open-files/2">
        <group>
            <file>file:/opt/lampp/htdocs/correo.hormiga/app/Http/Controllers/TemplatesController.php</file>
            <file>file:/opt/lampp/htdocs/correo.hormiga/resources/views/components/admin/full_button.blade.php</file>
            <file>file:/opt/lampp/htdocs/correo.hormiga/resources/views/templates/edit.blade.php</file>
            <file>file:/opt/lampp/htdocs/correo.hormiga/public/js/templates/templates.js</file>
            <file>file:/opt/lampp/htdocs/correo.hormiga/resources/views/components/full_button.blade.php</file>
        </group>
    </open-files>
</project-private>
